ExperienceYears,Age,Education,Role,Location,SkillsCount,Salary
13.93,42.7,Bachelors,Backend Developer,Gurugram,13,1586084
7.9,32.1,Bachelors,Software Engineer,Noida,14,1215682
15.45,41.5,Bachelors,Frontend Developer,Pune,16,1541007
12.55,30.3,Bachelors,Backend Developer,Bengaluru,14,1874288
1.7,23.2,Bachelors,ML Engineer,Bengaluru,5,943390
17.56,41.7,Masters,Data Scientist,Remote,12,2321682
13.7,35.5,Diploma,Data Analyst,Noida,13,1343778
14.15,41.3,Diploma,Backend Developer,Pune,10,1672647
2.31,33.3,Bachelors,Frontend Developer,Pune,6,833671
8.11,29.6,Masters,ML Engineer,Bengaluru,9,1640603
6.67,29.2,Bachelors,Data Scientist,Remote,12,1148276
16.68,42.4,Bachelors,ML Engineer,Bengaluru,13,2042286
11.59,41.4,Masters,Data Analyst,Chennai,6,1438740
14.81,36.1,Bachelors,Data Scientist,Hyderabad,13,1722646
7.98,33.7,Bachelors,Backend Developer,Pune,8,1228544
4.09,34.6,Masters,Frontend Developer,Pune,7,1060087
9.98,30,Diploma,Frontend Developer,Chennai,10,1497756
1.15,22.3,Bachelors,ML Engineer,Bengaluru,5,987335
14.9,38.6,Bachelors,Frontend Developer,Pune,14,1892880
11.37,34.8,Bachelors,Data Scientist,Pune,8,1502769
13.65,41.1,Masters,Data Scientist,Pune,11,1914707
6.38,32.1,Bachelors,Data Scientist,Hyderabad,10,1111023
17.47,37.1,Diploma,Frontend Developer,Remote,13,1606081
16.08,42.6,Bachelors,Backend Developer,Gurugram,10,1802170
14.01,37.3,Bachelors,Data Analyst,Gurugram,13,1722780
3.5,32.3,Bachelors,Data Analyst,Gurugram,9,866858
8.4,31.5,Diploma,ML Engineer,Remote,9,1391884
0.79,23.9,Masters,Data Scientist,Pune,1,1072695
2.78,29.4,Bachelors,Backend Developer,Pune,8,1144362
12.29,39.6,Bachelors,ML Engineer,Pune,8,1595725
13.41,39.8,Diploma,Data Scientist,Pune,12,1909329
17.42,37.4,Bachelors,Frontend Developer,Bengaluru,12,1856098
5.86,32.5,Bachelors,ML Engineer,Noida,6,1063960
6.67,28.6,Bachelors,ML Engineer,Bengaluru,7,1196893
8.45,34.2,Bachelors,Data Scientist,Hyderabad,9,1698033
3.41,24.1,Masters,ML Engineer,Hyderabad,5,1351128
2.34,28.7,Masters,Frontend Developer,Pune,7,990964
8.56,31.1,Diploma,Frontend Developer,Chennai,8,1251973
4.08,25.2,Diploma,Data Scientist,Noida,9,1062200
12.06,39.2,Diploma,ML Engineer,Remote,12,1723197
7.87,33.6,Bachelors,Data Scientist,Pune,8,1116982
14.99,38.1,Diploma,Software Engineer,Remote,11,1426903
12.6,42,Masters,ML Engineer,Bengaluru,8,1841872
5.62,29.3,Masters,Software Engineer,Noida,8,926621
14.98,40.1,Masters,Data Analyst,Chennai,12,1810643
14.49,40.3,Bachelors,Data Analyst,Noida,8,1400248
6.97,30.1,PhD,Data Scientist,Remote,7,1578352
5.19,31.6,Diploma,Data Analyst,Pune,6,1090170
12.28,35.7,Bachelors,Data Scientist,Bengaluru,14,1708878
2.52,26.3,Bachelors,ML Engineer,Chennai,3,852450
3.6,32.7,Masters,ML Engineer,Bengaluru,4,1329426
0.13,22,Bachelors,Backend Developer,Chennai,7,840142
14.16,31.9,Masters,Data Scientist,Mumbai,15,1955927
11.97,41.8,Bachelors,Backend Developer,Chennai,9,1364175
12.69,45.3,PhD,Backend Developer,Gurugram,10,2008835
14.05,37.8,Bachelors,Data Analyst,Remote,13,1478223
8.26,27.4,Bachelors,Software Engineer,Hyderabad,4,907785
10.24,34.3,PhD,Data Scientist,Gurugram,6,1597099
2.52,26.7,Bachelors,Frontend Developer,Bengaluru,6,1148361
2.06,26.5,Bachelors,Data Analyst,Chennai,9,733851
12.03,33.7,Bachelors,Data Analyst,Mumbai,10,1312715
8.48,35.2,Diploma,Frontend Developer,Chennai,9,1074647
10.17,36.7,Bachelors,Frontend Developer,Chennai,12,1335921
13.77,34.3,Bachelors,Software Engineer,Pune,16,1713845
11.42,38.5,Diploma,ML Engineer,Bengaluru,10,1398626
9.96,41.1,Masters,Data Scientist,Remote,10,1468277
10.07,35.6,Bachelors,Software Engineer,Gurugram,14,1427684
5.47,29.5,Bachelors,Software Engineer,Bengaluru,5,1075222
0.55,25.1,Bachelors,ML Engineer,Remote,7,891342
7.86,34.7,Bachelors,Data Scientist,Remote,7,1075764
3.86,23.7,Bachelors,Software Engineer,Gurugram,7,982027
7.35,32.8,Masters,ML Engineer,Chennai,8,1578906
15.36,39.2,Masters,Software Engineer,Bengaluru,11,1996886
4.21,34.8,Bachelors,Backend Developer,Bengaluru,5,1100685
1.05,25.5,Bachelors,Data Analyst,Pune,6,622535
5.06,35.1,Bachelors,Software Engineer,Mumbai,10,985069
5.28,27,Bachelors,Software Engineer,Hyderabad,7,1021440
11.91,38.7,Bachelors,Frontend Developer,Bengaluru,11,1740362
10.03,36,Masters,Frontend Developer,Mumbai,11,1598326
14.11,36.5,Bachelors,Data Scientist,Chennai,10,1550925
11.96,37.5,Bachelors,Data Analyst,Mumbai,12,1367608
7.31,35.9,Bachelors,Backend Developer,Chennai,10,1204711
14.65,38.7,Bachelors,ML Engineer,Chennai,18,1766443
3.01,22.9,Diploma,Frontend Developer,Noida,6,815689
0.41,25.4,Bachelors,ML Engineer,Noida,4,880570
1.62,23.9,Masters,Frontend Developer,Chennai,7,1056768
13,37,Bachelors,Backend Developer,Pune,13,1791063
8.31,33.1,Bachelors,Software Engineer,Bengaluru,8,1424062
2.9,22.8,Bachelors,Backend Developer,Chennai,6,744549
9.02,29.2,Masters,Software Engineer,Pune,11,1335741
2.74,29.2,Bachelors,ML Engineer,Remote,5,914550
12.53,36,Masters,Software Engineer,Gurugram,10,1613147
8.03,25.3,Masters,Backend Developer,Chennai,9,1241818
6.86,34.2,Bachelors,Software Engineer,Bengaluru,10,1174180
5.43,31.2,Masters,Data Scientist,Mumbai,7,1348113
11.35,34.2,Diploma,Data Scientist,Gurugram,7,1347660
6.51,27.6,Masters,Backend Developer,Gurugram,4,1267547
1.58,29.1,Bachelors,Frontend Developer,Pune,3,913999
2.12,28.2,Masters,Data Analyst,Remote,3,799101
17.31,49.5,Bachelors,Frontend Developer,Gurugram,13,2165935
16.35,42.6,Diploma,Data Analyst,Chennai,11,1485166
12.59,38.8,Diploma,Data Scientist,Gurugram,10,1507691
4.79,29.3,Masters,ML Engineer,Bengaluru,6,1409937
17.45,44.9,Bachelors,Data Scientist,Remote,13,1916344
14.02,40.9,Diploma,Backend Developer,Hyderabad,15,1677783
12.9,41.7,Masters,Frontend Developer,Pune,13,2009972
8.09,31.5,Masters,ML Engineer,Chennai,9,1383508
4.9,28.6,Bachelors,Frontend Developer,Remote,7,1049676
1.74,25.3,Bachelors,Software Engineer,Remote,5,721408
16.25,43.6,Diploma,Software Engineer,Gurugram,14,1458757
8.2,37.7,Masters,ML Engineer,Chennai,10,1612191
3.64,27.3,Bachelors,Data Scientist,Pune,5,1193191
5.51,29.2,Masters,Backend Developer,Mumbai,8,1235167
10.43,36.4,Bachelors,Backend Developer,Noida,6,1336639
3.18,27.4,Bachelors,Software Engineer,Bengaluru,7,750504
15.42,43.3,Bachelors,Software Engineer,Gurugram,14,1549555
13.65,31.9,Bachelors,Frontend Developer,Gurugram,11,1737244
12.95,35.5,Masters,ML Engineer,Pune,15,1846366
7.78,30.4,Bachelors,Software Engineer,Pune,7,1006656
11.29,29.3,Bachelors,Frontend Developer,Noida,11,1439230
10.51,32.6,PhD,ML Engineer,Bengaluru,10,1852686
11.7,34,PhD,Frontend Developer,Hyderabad,11,1732793
1.52,25.9,Masters,Frontend Developer,Chennai,6,1019312
7.48,35.8,Bachelors,Frontend Developer,Pune,9,1035775
0.75,25,Bachelors,Data Scientist,Noida,7,731303
8.89,30.8,Masters,Backend Developer,Noida,12,1517430
5.94,30.8,Bachelors,Frontend Developer,Noida,8,1178423
2.6,30.7,Diploma,Software Engineer,Gurugram,8,932961
1.86,23.9,Masters,Data Analyst,Gurugram,5,785142
10.58,32.8,Bachelors,Software Engineer,Chennai,12,1450659
3.07,29.7,Bachelors,Data Scientist,Remote,5,822262
16.65,41,PhD,Data Scientist,Pune,16,2478407
10.46,37.4,Bachelors,Data Analyst,Mumbai,15,1230210
6.24,31.2,Bachelors,Data Scientist,Remote,8,1323102
10.64,37.7,Bachelors,Software Engineer,Bengaluru,6,1325057
0.41,22.3,Bachelors,Data Scientist,Chennai,4,1034322
17.25,42.2,Diploma,Data Scientist,Gurugram,16,1973872
8.68,33,Masters,Data Scientist,Remote,10,1368718
14.09,35.4,Masters,ML Engineer,Noida,13,1853509
1.49,21.8,Bachelors,ML Engineer,Chennai,8,1006954
8.76,35.8,Bachelors,Backend Developer,Hyderabad,10,1482444
8.83,32.8,Masters,Backend Developer,Hyderabad,12,1544607
16.88,38.8,Diploma,Backend Developer,Remote,15,1698606
10.29,35,Bachelors,ML Engineer,Noida,13,1611986
8.52,36.9,Bachelors,ML Engineer,Noida,10,1388334
4.81,23,Masters,Software Engineer,Hyderabad,9,1038444
5.97,26.5,Bachelors,Data Scientist,Hyderabad,7,1116513
9.37,31.6,Masters,Data Analyst,Chennai,8,1318766
7.9,37.3,Bachelors,ML Engineer,Pune,12,1546013
0.39,26.2,Bachelors,Software Engineer,Noida,6,875478
14.87,42.2,Diploma,Data Scientist,Pune,14,1811539
16.13,37.7,Bachelors,Frontend Developer,Pune,13,1791148
2.52,24.2,Bachelors,Frontend Developer,Hyderabad,5,968546
9.97,36.3,Bachelors,ML Engineer,Remote,10,1331522
1.95,27.1,Diploma,Data Analyst,Remote,9,535080
12.1,38.7,Bachelors,Software Engineer,Bengaluru,12,1462863
5.06,29.5,Bachelors,Data Analyst,Pune,4,689263
11.87,37.7,Diploma,Backend Developer,Noida,11,1427561
13.09,38.6,Masters,Frontend Developer,Gurugram,15,1819517
13.84,41.2,Bachelors,Data Scientist,Mumbai,11,1871795
1.94,29.4,Masters,Software Engineer,Pune,2,991395
16.49,36.6,PhD,Data Analyst,Bengaluru,17,2124944
4.14,22.4,Diploma,Frontend Developer,Pune,8,946760
0.67,28.7,Masters,Software Engineer,Noida,5,844651
9.99,38.6,Masters,Data Analyst,Hyderabad,9,1471076
6.68,28.6,Bachelors,Software Engineer,Chennai,11,988401
14.94,34.4,Bachelors,Software Engineer,Bengaluru,11,1776462
14.55,39.8,Bachelors,Data Scientist,Bengaluru,15,1989894
5.71,33.5,Diploma,Frontend Developer,Noida,9,863541
17.15,47.5,Bachelors,Software Engineer,Noida,14,1773738
5.24,31.8,PhD,Backend Developer,Pune,8,1299332
9.27,33.2,PhD,Data Analyst,Pune,9,1395754
4.61,26.9,Diploma,Data Analyst,Bengaluru,9,738359
16.85,41.9,Masters,Data Analyst,Mumbai,12,2069551
2.96,27.1,Bachelors,Frontend Developer,Gurugram,3,1002139
0.81,22.8,Masters,Data Scientist,Bengaluru,7,1232466
7.83,39,Diploma,Backend Developer,Gurugram,10,1436185
17.86,48.2,Masters,Data Analyst,Remote,15,1836998
16.05,44.5,Masters,Data Analyst,Pune,14,2205129
13.47,35.7,Diploma,Frontend Developer,Remote,11,1370621
16.03,43.6,Diploma,Data Analyst,Pune,15,1574975
16.08,43,Masters,Data Analyst,Hyderabad,13,1779089
9.34,35.7,Bachelors,Data Scientist,Pune,9,1466802
5.69,34.4,Bachelors,Data Scientist,Pune,7,1284030
13.9,40.8,Masters,Software Engineer,Bengaluru,16,1891191
11.91,39.1,Bachelors,ML Engineer,Noida,7,1769574
6.73,33.6,Bachelors,Backend Developer,Pune,9,1212889
1.7,27.7,Bachelors,ML Engineer,Mumbai,2,1001163
13.44,33.1,Diploma,ML Engineer,Gurugram,12,1522230
4.72,30,PhD,Data Analyst,Gurugram,6,1229605
16.86,40.2,Bachelors,ML Engineer,Gurugram,9,1892176
4.34,25.5,Bachelors,Backend Developer,Hyderabad,8,977329
2.21,32.3,Bachelors,Data Scientist,Mumbai,5,911658
14.96,45.1,PhD,Frontend Developer,Bengaluru,8,2370929
2.76,31.8,Diploma,Data Analyst,Mumbai,8,697348
3.23,29,Masters,Data Analyst,Remote,9,722392
10.79,39.8,Masters,Data Scientist,Chennai,13,1592631
15.74,40.8,Masters,Software Engineer,Gurugram,14,1905696
3.54,29.1,PhD,Data Scientist,Pune,7,1417467
5.59,27.3,Masters,Frontend Developer,Chennai,10,1287524
13.99,40.2,Masters,ML Engineer,Pune,15,2057360
17.49,42.7,Diploma,Data Scientist,Gurugram,16,1827568
9.01,30.1,Masters,Backend Developer,Chennai,8,1480857
2.59,27.4,Bachelors,Data Analyst,Remote,7,555512
0.25,25,Bachelors,Frontend Developer,Remote,6,566446
4.13,34.5,Masters,Software Engineer,Bengaluru,3,1044498
2.37,30.1,PhD,Backend Developer,Remote,7,971709
12.2,37.2,Masters,Data Scientist,Bengaluru,16,2092347
2.19,27.9,Bachelors,Data Analyst,Noida,7,774920
9.11,34.2,Bachelors,Backend Developer,Remote,13,1429566
12.5,36.9,Bachelors,Software Engineer,Mumbai,12,1569111
10.46,32.2,Bachelors,Data Scientist,Remote,10,1528585
3.6,28.1,Bachelors,Frontend Developer,Pune,8,713032
14.47,37.2,Diploma,Frontend Developer,Pune,11,1642401
12.88,34.1,Diploma,Frontend Developer,Pune,10,1445826
13.3,39.8,Masters,ML Engineer,Pune,14,1997524
2.36,28.5,Bachelors,Data Scientist,Mumbai,9,1119003
2.23,21.9,Masters,Software Engineer,Gurugram,4,853483
16.7,41.3,Bachelors,Frontend Developer,Mumbai,15,1687255
7.16,35.1,Diploma,ML Engineer,Gurugram,8,1123033
5.42,33.6,Bachelors,Backend Developer,Pune,8,1164639
8.79,36.9,Bachelors,ML Engineer,Hyderabad,10,1537112
11.93,37,PhD,Backend Developer,Noida,13,1633968
17.2,39.7,Bachelors,Software Engineer,Remote,14,1602457
5.16,26.9,Bachelors,Backend Developer,Chennai,10,955579
16.65,42.7,Masters,Data Analyst,Pune,14,1800550
0.45,26.6,PhD,Data Analyst,Gurugram,6,741933
9.99,38.9,Bachelors,ML Engineer,Mumbai,8,1350533
11.41,39.7,Diploma,ML Engineer,Noida,15,1397761
1.91,26.5,Bachelors,Backend Developer,Bengaluru,7,979813
2.53,23.8,Diploma,ML Engineer,Noida,8,734323
7.54,31.6,Bachelors,Data Analyst,Bengaluru,6,1109346
17.39,43,Bachelors,Software Engineer,Bengaluru,12,2025012
10.73,35.1,Masters,ML Engineer,Mumbai,13,1650569
16.79,40.1,Bachelors,Data Scientist,Bengaluru,14,1998562
14.48,40.2,Bachelors,Data Scientist,Pune,8,1848018
8.41,31.9,Bachelors,Software Engineer,Noida,11,1152225
14.13,37.2,Masters,Data Scientist,Mumbai,11,1905223
0.32,26.3,Bachelors,Data Scientist,Gurugram,8,1036454
1.96,25.8,Masters,Backend Developer,Bengaluru,6,1099794
14.93,40.7,Masters,Data Scientist,Chennai,13,2075384
14.34,40.2,Bachelors,Backend Developer,Remote,15,1696166
4.19,25.8,Diploma,Software Engineer,Remote,5,696830
9.55,33.1,Bachelors,Backend Developer,Mumbai,8,1471360
10.91,40.2,Bachelors,Data Analyst,Gurugram,10,1336258
15.62,37.1,Masters,Data Analyst,Remote,14,1847915
10.86,29.5,Bachelors,Frontend Developer,Gurugram,8,1326315
7.43,26.8,Masters,ML Engineer,Hyderabad,5,1491157
6.74,31.8,Bachelors,Data Scientist,Chennai,10,1216403
7.67,32.8,Bachelors,Data Scientist,Pune,8,1397739
11.73,36.4,Bachelors,Backend Developer,Remote,10,1290527
15.61,44.3,Masters,Software Engineer,Pune,9,1956807
8.17,25.2,Masters,Software Engineer,Chennai,8,1376823
4.46,30.6,Bachelors,Data Analyst,Noida,7,650400
4.26,33.9,Bachelors,Frontend Developer,Gurugram,9,1170674
13.43,35,Masters,Software Engineer,Pune,10,1996232
14.7,38.6,Bachelors,Data Scientist,Chennai,16,1904238
1.9,24.6,Masters,ML Engineer,Bengaluru,5,1409508
1.2,23.5,Bachelors,Data Analyst,Gurugram,4,651098
10.7,34.7,Diploma,ML Engineer,Pune,13,1252004
2.63,31.9,Bachelors,Data Analyst,Noida,7,472064
14.84,45.4,Bachelors,Software Engineer,Pune,11,1655561
5.59,29.6,Bachelors,Data Analyst,Mumbai,7,912443
2.59,33.3,Bachelors,Backend Developer,Gurugram,9,834505
16.58,41.7,PhD,Data Scientist,Hyderabad,16,2258643
2.98,33.2,Bachelors,Frontend Developer,Hyderabad,5,978826
5.12,29.8,Bachelors,ML Engineer,Mumbai,7,1042342
2.77,28.2,Bachelors,Software Engineer,Pune,7,791846
2.08,28.2,Diploma,Data Scientist,Pune,4,1019083
0.38,34.9,Bachelors,Frontend Developer,Mumbai,5,643013
1,28.6,Bachelors,Data Scientist,Pune,6,995069
3.14,26,Bachelors,Data Analyst,Gurugram,9,753385
0.96,28.9,Diploma,Software Engineer,Hyderabad,8,754553
10.64,34.6,PhD,Frontend Developer,Pune,10,1831053
12.25,35.8,Bachelors,Data Scientist,Mumbai,11,1783367
7.09,34.8,Masters,Frontend Developer,Noida,10,1443591
5.72,30.8,Bachelors,Data Scientist,Remote,7,957493
9.08,34.9,Diploma,Data Analyst,Chennai,11,1171576
15.75,40.8,Masters,Frontend Developer,Bengaluru,13,1900150
15.32,41.3,Bachelors,Backend Developer,Gurugram,11,1774940
0.78,27.1,Masters,Backend Developer,Pune,3,966372
3.27,22.5,Bachelors,Frontend Developer,Noida,10,979266
4.26,31.3,Bachelors,Software Engineer,Pune,7,983404
4.49,26.5,Masters,Frontend Developer,Remote,11,1031705
10.28,31,Bachelors,Software Engineer,Pune,9,1149317
7.49,32.3,Bachelors,Frontend Developer,Noida,9,1270805
0.89,26.1,Masters,Software Engineer,Bengaluru,10,1077558
6.73,29.6,Masters,Data Scientist,Remote,6,1485219
9.43,36.9,PhD,Backend Developer,Remote,6,1531985
1.83,22.8,Bachelors,Data Analyst,Chennai,8,473129
15,38.8,Bachelors,Data Analyst,Pune,11,1657597
0.94,24.2,Masters,Frontend Developer,Bengaluru,5,978252
16.65,41.5,Bachelors,Data Analyst,Mumbai,12,1757460
1.78,27.6,Masters,Data Scientist,Gurugram,6,1044630
15.18,37.2,Bachelors,Frontend Developer,Remote,11,1816559
16.25,43.4,Bachelors,Data Scientist,Mumbai,13,1837047
17.63,42.8,Masters,ML Engineer,Noida,15,2113934
14.44,33.8,Diploma,ML Engineer,Remote,10,1600368
14.03,33.2,Bachelors,Data Scientist,Chennai,11,1531816
11.56,36.5,Bachelors,Data Scientist,Gurugram,10,1626568
14.02,38.4,Masters,Data Scientist,Bengaluru,9,2188748
2.42,27.1,Masters,Data Analyst,Bengaluru,5,921440
9.65,34.6,Bachelors,Data Scientist,Gurugram,10,1520369
9.26,34.9,Diploma,Backend Developer,Noida,9,846173
15.44,43.3,PhD,Backend Developer,Bengaluru,12,2135339
8.33,30,Bachelors,Data Analyst,Hyderabad,9,1097105
6.93,28.4,Bachelors,Backend Developer,Mumbai,7,1133395
11.51,33.2,Bachelors,Backend Developer,Chennai,12,1595189
4.8,30.7,Bachelors,Software Engineer,Bengaluru,10,1065588
2.52,31.3,Masters,Frontend Developer,Noida,5,968128
8.6,32.3,Masters,Data Scientist,Bengaluru,10,1616965
7.5,25,Masters,ML Engineer,Mumbai,8,1316814
4.19,24.1,Bachelors,Backend Developer,Chennai,8,820242
6.62,29.1,Bachelors,Data Scientist,Chennai,11,1354142
6.6,29.9,Bachelors,Data Scientist,Noida,9,949706
5.89,29.7,Diploma,Software Engineer,Mumbai,4,871779
6.83,31.9,Bachelors,Frontend Developer,Remote,9,1025836
12.34,36.4,Bachelors,Frontend Developer,Noida,14,1735071
5.34,33.5,Diploma,Data Analyst,Gurugram,7,924318
17.08,40.1,Bachelors,Backend Developer,Chennai,16,1764368
16.49,38.9,Masters,Data Analyst,Noida,12,1952987
8.66,35.1,Diploma,ML Engineer,Chennai,6,1115333
5.91,26.3,Bachelors,Frontend Developer,Noida,8,1181783
9.64,35.8,Masters,Software Engineer,Chennai,6,1203746
15.27,40.6,Masters,ML Engineer,Bengaluru,12,2249724
11.75,36.3,Masters,Software Engineer,Bengaluru,13,1688203
14.48,44.2,Bachelors,Backend Developer,Bengaluru,8,1601094
9.59,32.7,Masters,ML Engineer,Noida,7,1551171
11.39,42.6,Bachelors,Data Scientist,Mumbai,9,1647455
5.19,29.5,Bachelors,Frontend Developer,Hyderabad,7,991083
13.23,34.4,Bachelors,Data Scientist,Hyderabad,11,1777814
3.64,28.8,Bachelors,Backend Developer,Chennai,10,882611
12.51,34.3,Bachelors,Data Analyst,Chennai,13,1437248
15.49,38.2,Bachelors,Software Engineer,Mumbai,14,1824889
2.38,28.6,Masters,Frontend Developer,Gurugram,6,1036880
11.06,37.7,Bachelors,Frontend Developer,Gurugram,11,1388220
1.71,24.8,Bachelors,Data Scientist,Bengaluru,4,1020300
13.06,41,Diploma,ML Engineer,Hyderabad,13,1711133
1.52,30,Bachelors,Software Engineer,Remote,4,937234
16.85,46.2,Bachelors,Frontend Developer,Pune,15,1943125
2.47,29.1,Bachelors,Backend Developer,Mumbai,9,1123079
17.26,46.4,Bachelors,Software Engineer,Mumbai,14,2275107
14.42,33.8,Masters,Data Scientist,Pune,12,2006275
10.69,34.7,Masters,Data Scientist,Hyderabad,11,1796404
14.09,36.5,Bachelors,ML Engineer,Mumbai,6,1848922
14.31,39.7,Bachelors,Frontend Developer,Bengaluru,13,1613434
17.03,40.3,Masters,Data Analyst,Gurugram,13,1820093
4.56,29.1,PhD,Software Engineer,Remote,7,1121798
10.62,41.3,Bachelors,Data Analyst,Mumbai,12,1435390
1.71,26.2,Masters,Backend Developer,Chennai,6,951957
11.09,37.3,Masters,Data Scientist,Bengaluru,8,1809369
3.08,27.4,Masters,Frontend Developer,Hyderabad,6,1238169
10.17,35.4,Bachelors,Data Scientist,Pune,10,1592410
10.3,35.3,Diploma,Data Analyst,Pune,10,1116976
8.39,34.7,Diploma,ML Engineer,Hyderabad,10,1236301
9.41,37.9,Bachelors,Data Analyst,Remote,12,1286186
13.75,43.7,Bachelors,Backend Developer,Hyderabad,10,1745606
14.39,40.3,Bachelors,Backend Developer,Mumbai,13,1550587
8.86,35.6,Bachelors,Frontend Developer,Noida,12,1234890
10.79,32.3,Bachelors,ML Engineer,Noida,7,1492917
16.76,41.5,Masters,Software Engineer,Hyderabad,14,2084848
2.16,30,Diploma,Data Analyst,Pune,5,707913
2.11,29.7,Bachelors,ML Engineer,Noida,5,963508
1.58,27.2,Masters,ML Engineer,Pune,4,1168882
11.84,39.5,Masters,Backend Developer,Mumbai,11,1770738
7.53,34,PhD,Backend Developer,Bengaluru,12,1578199
13.94,42.5,Masters,Data Analyst,Bengaluru,9,1690436
12.08,37.9,Masters,Software Engineer,Mumbai,9,1685269
6.01,29.9,Bachelors,Data Scientist,Noida,5,1136092
16.17,42.2,Bachelors,ML Engineer,Bengaluru,17,1799076
13.73,29.9,Bachelors,Data Analyst,Remote,11,1334127
4.87,31,Bachelors,Frontend Developer,Bengaluru,7,1113507
6.56,20.6,Masters,Backend Developer,Remote,7,1221022
5.66,25.5,Bachelors,Data Scientist,Mumbai,6,1199513
2.84,29.2,Bachelors,Software Engineer,Remote,6,835839
2.66,29.1,Bachelors,Frontend Developer,Remote,11,711336
16.85,38.4,Bachelors,Data Analyst,Pune,16,1491355
7.88,30.7,Bachelors,ML Engineer,Chennai,7,1231538
6.9,36,Diploma,Backend Developer,Hyderabad,10,1233335
13.13,36.7,Masters,Frontend Developer,Gurugram,10,1957182
9.95,41.7,Bachelors,Software Engineer,Hyderabad,6,1400677
16.85,41.8,Masters,Data Scientist,Gurugram,15,1950126
14.05,40.3,Masters,Software Engineer,Chennai,14,1710792
8.63,38.5,Bachelors,Data Analyst,Gurugram,11,1203162
6.77,32.2,Bachelors,ML Engineer,Bengaluru,7,1383287
17.76,39.8,Masters,Frontend Developer,Pune,14,2113710
12.92,37.6,Bachelors,Backend Developer,Chennai,13,1431984
17.12,42,Masters,ML Engineer,Noida,14,2123643
2.13,23,Diploma,Software Engineer,Noida,5,712442
15.31,39.5,Masters,Data Analyst,Gurugram,9,1833937
11.47,34.2,Masters,Software Engineer,Pune,11,1495457
2.19,30,Bachelors,Data Analyst,Noida,8,652530
10.59,35.7,Bachelors,Software Engineer,Mumbai,8,1049904
12.35,36.5,PhD,Backend Developer,Remote,12,1704210
0.22,24.9,Bachelors,Data Analyst,Noida,6,487026
8.18,33.8,Bachelors,Data Analyst,Remote,11,920254
14.86,41.7,Bachelors,Data Scientist,Chennai,14,1781130
5.32,27.3,Bachelors,Software Engineer,Bengaluru,6,1083927
8.25,30.1,Masters,ML Engineer,Gurugram,6,1243302
7.96,36.3,Masters,Data Analyst,Gurugram,8,1301616
5.43,29.2,Bachelors,Software Engineer,Bengaluru,9,1013118
16.53,37.3,Masters,ML Engineer,Hyderabad,12,2178940
14.06,40.4,Bachelors,Backend Developer,Chennai,11,1428959
1.99,28.4,Diploma,ML Engineer,Pune,2,817301
17.95,38.4,Bachelors,Data Scientist,Hyderabad,17,2024189
15.83,41.5,PhD,Data Scientist,Pune,15,2219203
5.11,32.3,Diploma,Software Engineer,Pune,9,930811
15.06,41.2,Bachelors,Software Engineer,Hyderabad,14,1668429
1.92,28.8,Bachelors,ML Engineer,Bengaluru,7,869485
17.98,38.8,Masters,Data Analyst,Chennai,14,1684763
11.98,38,Diploma,Backend Developer,Chennai,11,1294895
11.7,35.8,Bachelors,Data Scientist,Gurugram,10,1590924
1.63,25.2,Masters,Software Engineer,Noida,11,900728
16.15,43.8,Bachelors,ML Engineer,Remote,14,1918278
0.52,30,Bachelors,Software Engineer,Chennai,4,592901
4.33,34.7,Bachelors,Data Scientist,Bengaluru,8,1080348
2.57,31.5,Bachelors,Backend Developer,Remote,4,766047
13.98,38.7,Bachelors,Data Analyst,Bengaluru,15,1648162
3.57,29.6,Masters,ML Engineer,Bengaluru,5,1366435
16.39,43.7,Bachelors,Data Analyst,Gurugram,14,1915589
11.81,37.2,Masters,ML Engineer,Mumbai,13,1797642
0.65,26,PhD,Software Engineer,Bengaluru,6,1101448
0.1,27.6,Bachelors,ML Engineer,Pune,5,891396
0.93,25.8,Bachelors,ML Engineer,Pune,5,882755
10.91,33.7,Masters,Software Engineer,Gurugram,10,1509520
14.43,38.2,Bachelors,ML Engineer,Remote,11,1496397
4.29,31.2,Masters,Backend Developer,Pune,6,1112992
15.29,40.3,Masters,Backend Developer,Hyderabad,16,1849819
1.03,27.1,Diploma,Data Analyst,Bengaluru,5,397341
14.42,41.4,Bachelors,ML Engineer,Hyderabad,11,1693762
16.7,40.6,Bachelors,Frontend Developer,Hyderabad,12,1669878
13.9,41.2,Bachelors,Data Scientist,Noida,14,1797892
12.57,38.7,Bachelors,Software Engineer,Gurugram,13,1608342
15.08,36.4,Bachelors,Data Scientist,Gurugram,14,1725296
0.72,30,Masters,Data Analyst,Chennai,5,699370
3.63,27.1,Masters,Data Analyst,Noida,8,722228
2.25,22.3,Masters,Data Scientist,Hyderabad,5,1090736
9.08,30.9,Bachelors,Data Scientist,Gurugram,9,1474668
13.41,35.3,Bachelors,Backend Developer,Pune,14,1749842
11.34,36.5,Bachelors,ML Engineer,Chennai,12,1451704
15.32,39.5,Diploma,Frontend Developer,Pune,11,1717941
2.79,26.8,Masters,ML Engineer,Hyderabad,5,1010360
13.22,40.1,Bachelors,Backend Developer,Mumbai,12,1515008
3.47,29.5,Bachelors,Data Analyst,Gurugram,10,940456
4.87,30.8,Masters,Data Analyst,Bengaluru,4,1337446
12.78,39,Bachelors,Backend Developer,Mumbai,12,1714946
17.64,44.5,Diploma,Frontend Developer,Hyderabad,11,1745155
11.01,29.7,Bachelors,Frontend Developer,Chennai,9,1063226
0.98,24.9,Bachelors,Software Engineer,Chennai,5,405882
11.09,29.5,Masters,Data Analyst,Pune,10,1482223
0.76,25.9,Bachelors,Frontend Developer,Noida,4,647052
15.91,40.9,Masters,Data Scientist,Noida,13,1866841
12.77,40.9,Masters,Software Engineer,Mumbai,10,1744719
3.12,31.7,Masters,Backend Developer,Bengaluru,4,1200167
1.65,27.3,Bachelors,Frontend Developer,Pune,7,935774
3.3,26.8,Diploma,Software Engineer,Hyderabad,8,841758
17.64,44.1,Masters,Backend Developer,Mumbai,16,2330091
8.25,31.7,Bachelors,Backend Developer,Bengaluru,6,1338039
14.11,39.1,Bachelors,Data Scientist,Noida,13,1707606
11.46,39.4,Masters,Data Scientist,Mumbai,12,1969961
10.3,33.6,Diploma,Software Engineer,Remote,8,1016803
2.61,30,Masters,Frontend Developer,Pune,6,1404478
17.03,44.1,Masters,Frontend Developer,Bengaluru,13,2136583
5.42,27.6,Masters,Frontend Developer,Mumbai,11,1386708
10.4,38.3,Bachelors,Backend Developer,Bengaluru,14,1630262
12.6,39.7,Masters,Data Analyst,Bengaluru,8,1876028
11.69,37,Bachelors,ML Engineer,Remote,16,1696426
16.93,39.6,Masters,ML Engineer,Chennai,12,1851143
2.67,25.1,Masters,Frontend Developer,Mumbai,8,1318651
9.15,32.5,Masters,Data Scientist,Chennai,12,1528683
7.27,33.9,Bachelors,Data Scientist,Bengaluru,7,1384130
8.54,30.7,Diploma,Data Analyst,Bengaluru,10,966097
2.15,28.5,Bachelors,Backend Developer,Pune,6,939406
2.41,23.7,Bachelors,ML Engineer,Bengaluru,7,1013921
5.01,29.4,Bachelors,Data Analyst,Remote,8,839622
5.48,30.8,Bachelors,Frontend Developer,Bengaluru,10,1141867
7.7,40,Bachelors,Software Engineer,Noida,9,1390252
11,31.9,Masters,Data Analyst,Chennai,10,1667694
11.42,40.8,Masters,Data Analyst,Mumbai,13,1597247
7.41,32.9,Bachelors,ML Engineer,Hyderabad,10,1372917
7.36,33.6,Masters,Data Analyst,Gurugram,10,1213052
3.92,29.3,Masters,Frontend Developer,Noida,6,1230981
10.59,36.9,Bachelors,Data Scientist,Chennai,8,1388640
5.71,30.2,Bachelors,Software Engineer,Gurugram,7,991826
0.65,30,Masters,Data Analyst,Pune,4,894217
7.53,31.2,PhD,ML Engineer,Chennai,10,1521821
8.53,36.9,Masters,Data Analyst,Remote,11,1248892
4.06,27.1,Masters,Frontend Developer,Gurugram,7,952030
10.3,35.1,PhD,Software Engineer,Bengaluru,13,1865545
10.18,32,Bachelors,ML Engineer,Noida,13,1759113
12.64,39,Bachelors,Data Analyst,Remote,12,1426159
11.66,41,Bachelors,Data Analyst,Remote,9,1427634
11.74,36.5,PhD,Software Engineer,Gurugram,14,1682407
5.69,30.1,Diploma,Data Analyst,Hyderabad,8,898122
14.17,35.8,Bachelors,Backend Developer,Noida,12,1511589
9.88,34.2,Masters,Frontend Developer,Chennai,9,1431190
7.77,28,Bachelors,Frontend Developer,Remote,7,1210587
11.27,33.5,Masters,Software Engineer,Bengaluru,8,1665437
6.49,32.2,Bachelors,Backend Developer,Pune,10,995757
9.23,38.2,PhD,Data Scientist,Gurugram,8,1548846
13.26,46.7,Masters,Data Analyst,Bengaluru,18,1612049
15.96,39.2,Bachelors,Data Analyst,Remote,11,1583489
16.58,45.9,Masters,Data Scientist,Bengaluru,11,2425106
9.07,34.8,Bachelors,ML Engineer,Mumbai,11,1693320
9.36,33.9,Bachelors,Data Analyst,Remote,13,901122
14.4,40.7,Masters,Frontend Developer,Mumbai,12,2072740
5.66,30.8,Masters,Backend Developer,Chennai,9,1369332
15.07,40.4,Diploma,Data Scientist,Pune,9,1461311
8.89,32.7,Bachelors,Frontend Developer,Chennai,8,1169984
2.09,22.9,Masters,Frontend Developer,Gurugram,4,1145818
1.3,21.7,Bachelors,Frontend Developer,Bengaluru,2,903556
15.16,42.1,Bachelors,Software Engineer,Pune,13,1495418
1,25.2,Diploma,Frontend Developer,Pune,1,681396
5.05,28.3,Bachelors,Data Scientist,Noida,5,805125
6.01,31,Masters,Backend Developer,Pune,7,1265633
3.11,30.5,Diploma,Frontend Developer,Gurugram,5,944534
5.65,31.2,Bachelors,Data Analyst,Gurugram,9,969391
13.37,36.4,Masters,ML Engineer,Pune,12,1831338
0.26,28.9,Diploma,Data Analyst,Mumbai,7,685215
14.89,44.6,Masters,Software Engineer,Pune,14,1968118
15.42,41.9,Bachelors,ML Engineer,Chennai,15,1995505
6.7,34.6,Masters,Frontend Developer,Pune,8,1421665
2.77,31.5,Masters,Frontend Developer,Chennai,7,1150779
10.82,39.2,Masters,ML Engineer,Pune,11,1826478
2.15,29,Bachelors,Software Engineer,Bengaluru,6,935519
6.57,33.4,Bachelors,Data Scientist,Hyderabad,7,1269836
17.25,43.8,Masters,Frontend Developer,Chennai,13,1920156
17.92,39.6,Bachelors,Frontend Developer,Chennai,12,1641592
13.9,41,Bachelors,Software Engineer,Hyderabad,13,1495810
5.6,26.5,Diploma,Software Engineer,Noida,8,865338
12.38,35,PhD,Backend Developer,Noida,10,1834189
12.7,41.6,Masters,Software Engineer,Hyderabad,10,1879306
6.98,34.5,Bachelors,Software Engineer,Gurugram,6,1105366
11.54,41,Masters,Data Analyst,Mumbai,13,1728852
0.19,24.4,Bachelors,ML Engineer,Remote,5,911711
3.76,25.3,Bachelors,ML Engineer,Chennai,5,975512
9.45,33.7,Bachelors,Data Scientist,Bengaluru,11,1626310
2.95,28.3,Bachelors,Software Engineer,Hyderabad,5,835341
2.99,28.2,Bachelors,Backend Developer,Gurugram,4,1089278
15.05,43.5,Masters,Backend Developer,Hyderabad,15,2045660
17.8,41.7,Masters,ML Engineer,Noida,13,1989237
10.01,36.1,Bachelors,Software Engineer,Bengaluru,9,1429598
15.1,37.1,Bachelors,Data Scientist,Bengaluru,13,2126255
17.83,44.2,Diploma,Backend Developer,Bengaluru,16,1908240
2.55,27.6,PhD,ML Engineer,Pune,6,1353203
8.07,30.8,Masters,Software Engineer,Chennai,7,1369164
7.07,31.4,Masters,Data Scientist,Hyderabad,10,1369439
1.44,25.9,Bachelors,ML Engineer,Remote,5,912792
13.6,37.8,Bachelors,ML Engineer,Pune,16,1596801
7.81,38.1,Bachelors,ML Engineer,Bengaluru,9,1365269
8.45,33.2,Diploma,Software Engineer,Pune,5,1206844
2.71,27,Diploma,Backend Developer,Mumbai,7,932978
3.26,22,Diploma,ML Engineer,Bengaluru,11,1058018
16.33,38.6,PhD,ML Engineer,Bengaluru,16,2399840
0.8,25,Diploma,Data Scientist,Chennai,9,748188
4.19,27.1,Diploma,ML Engineer,Noida,5,953035
5.26,34.4,Masters,Data Analyst,Pune,9,1188986
8.82,33.3,Bachelors,Frontend Developer,Chennai,8,1110642
10.56,39.4,Masters,Data Analyst,Chennai,11,1400844
8.88,34.1,Bachelors,Data Scientist,Pune,7,1326205
1.51,26.6,Masters,Software Engineer,Noida,4,682472
4.39,29.1,Bachelors,Software Engineer,Bengaluru,6,915741
15.18,40.2,Bachelors,Data Analyst,Pune,14,1782667
11.48,41.6,Masters,Frontend Developer,Noida,12,1662814
11.68,29.7,Bachelors,ML Engineer,Hyderabad,11,1460734
12.06,31.1,Bachelors,ML Engineer,Remote,8,1319354
13.73,37.1,Bachelors,Backend Developer,Remote,11,1541219
1.05,26.1,Bachelors,Data Analyst,Pune,4,813954
6.6,33.7,Masters,Data Scientist,Gurugram,10,1441721
9.71,36.1,Bachelors,ML Engineer,Hyderabad,12,1696510
6.09,29.9,Bachelors,Data Scientist,Noida,10,1251151
15.2,43.3,Bachelors,Data Analyst,Bengaluru,11,1705263
8.69,36.8,Masters,Frontend Developer,Gurugram,4,1225756
13.84,39.4,Bachelors,Software Engineer,Noida,8,1618278
15.34,43.2,Masters,Backend Developer,Noida,16,1888859
9.09,34.9,Masters,Backend Developer,Noida,9,1585602
16.37,39.7,Diploma,ML Engineer,Hyderabad,12,1720358
10.57,37.7,Masters,Data Analyst,Chennai,14,1455216
15.3,40.6,Bachelors,Software Engineer,Mumbai,15,1813760
6.13,31.1,Bachelors,Backend Developer,Chennai,8,1063776
8.98,38.4,Masters,Frontend Developer,Gurugram,9,1529391
9.57,27.2,Masters,Frontend Developer,Remote,10,1399568
1.89,22.6,Bachelors,Software Engineer,Gurugram,6,721022
7.17,28.6,Bachelors,Data Scientist,Chennai,12,1482913
16.51,40.4,Bachelors,Data Analyst,Hyderabad,14,1824964
11.35,35.6,Bachelors,Backend Developer,Hyderabad,12,1426088
3.2,23.7,Bachelors,ML Engineer,Noida,9,1113898
6.1,28.1,Bachelors,Backend Developer,Noida,6,981452
3.45,25.9,Bachelors,Backend Developer,Mumbai,8,888991
0.45,32.8,Diploma,Frontend Developer,Pune,5,751395
16.69,47.1,Masters,ML Engineer,Chennai,8,1775867
8.07,31.8,Masters,ML Engineer,Pune,5,1614691
5.54,29.4,Masters,Data Scientist,Noida,6,1271546
10.77,32.3,Diploma,Data Analyst,Remote,11,1080699
0.13,20,Bachelors,Data Analyst,Noida,5,591068
5,29.6,Bachelors,Data Scientist,Mumbai,8,1291556
12.65,34.7,Diploma,Backend Developer,Remote,15,1331575
11.41,36.2,Bachelors,Data Scientist,Remote,8,1553904
17.67,37.9,Bachelors,Backend Developer,Gurugram,14,1932938
11.17,33.9,Masters,Software Engineer,Gurugram,11,1438913
